<?xml version="1.0" encoding="UTF-8"?>
<m:OASISReport xmlns:m="http://www.caiso.com/soa/OASISReport_v1.xsd">
<m:MessageHeader>
	<m:TimeDate>2025-06-07T00:04:24.626Z</m:TimeDate>
	<m:Source>OASIS</m:Source>
	<m:Version>v20131201</m:Version>
</m:MessageHeader>
<m:MessagePayload>
<m:RTO>
<m:name>CAISO</m:name>
<m:DISCLAIMER_ITEM>
<m:DISCLAIMER>The contents of these pages are subject to change without notice. Decisions based on information contained within the California ISO's web site are the visitor's sole responsibility.</m:DISCLAIMER>
</m:DISCLAIMER_ITEM>
<m:ERROR>
<m:ERR_CODE>1020</m:ERR_CODE>
<m:ERR_DESC>Version parameter is missing or is invalid</m:ERR_DESC>
</m:ERROR>

</m:RTO>
</m:MessagePayload>
</m:OASISReport>